now,appl,get,swype,iphon,will,crack,iphon
appl,will,ad,carrier,support,iphon,4s,just,announc
hilari,youtub,video,guy,duet,appl,siri,pretti,much,sum,love,affair
rim,made,easi,switch,appl,iphon,see,ya
just,realiz,reason,got,twitter,ios5,thank,appl
current,blackberri,user,littl,bit,disappoint,move,android,appl,iphon
strangest,thing,siri,said,far,sooo,glad,appl,gave,siri,sens,humor,via,happyplac
great,close,person,event,appl,tonight,regent,st,store
compani,experi,best,custom,servic,asid,zappo,appl
just,appli,job,appl,hope,call,lol
rt,jamaicanidl,lmao,think,appl,onto,someth,magic,die,haha,siri,suggest,find,whore
lmao,think,appl,onto,someth,magic,die,haha,siri,suggest,find,whore,hide,bodi,lolol
rt,philliprowntre,just,regist,appl,develop,hope,can,actual,help,greatli,appreci
wow,great,deal,refurb,ipad,first,gen,model,rt,appl,offer,great,deal,refurbish,1st,gen,ipad,appl
just,regist,appl,develop,hope,can,actual,help,greatli,appreci
current,learn,mandarin,upcom,trip,hong,kong,gotta,hand,appl,iphon,uber,use,flashcard,app
come,dark,side,gretcheneclark,hey,appl,send,free,iphon,will,publicli,ceremoni,burn,blackberri
hey,appl,send,free,iphon,version,will,will,publicli,ceremoni,burn,blackberri
thank,appl,find,mac,just,locat,wipe,stolen,air,smallvictori,thievingbastard
thank,appl,covent,garden,geniusbar,replac,macbook,keyboard,crack,wristpad,lunch,break,today,warranti
dailydealchat,appl,thank
ipad,replac,bound,playbook,team,appl,nytim
appl,good,ipad
appl,siri,eff,amaz
amaz,new,appl,io,featur
rt,triplingo,re,one,featur,educ,app,appl,**,websit,**,today,sweet
re,one,featur,educ,app,appl,**,websit,**,today,sweet
want,someth,done,right,go,appl,re,useless,day,yourdaysarenumb
unexpect,workshop,iphone4,appl,yesterday,got,awesom,amount,info,notjustaboutthephon,gamerchik16
ios5,appl
rt,appl,question,bro,rt,ainteeentrippin,get,di,iphon,evo,3d
rt,imightbewrong,peopl,bitch,iphone4,think,smartest,phone,ever,happi
peopl,bitch,iphone4,think,smartest,phone,ever,happi,:),way,go,appl
twitter,ceo,point,appl,corpor,mentor,io,signup,tripl
bu,iphon,;),thxx,appl
azee1v1,appl,umber,appstor,well,done,itun,mobil,devic,talk,desktop,app
nytim,coach,want,see,bring,ipad,ipad,appl,set,red,red,hut,hut,nfl,wish,ipad
appl,jiliv,danielpink,appl,sell,million,iphon,4s,unit,first,weekend,steve,job,brillianc,live,ever,iphon,rva
bkad5161,apolog,appl,;)
appl,download,io,prove,popular,user
lmfao,look,argument,siri,!!@,ijustin,appl
incred,million,iphon,4ss,day,better,iphon,appl,iphone4
save,hp,unwant,os,help,buy,iphon,seen,light,lol,backchannel,appl
well,appl,fix,ios5,batteri,drain,problem,replac,iphon,work,like,champ,now
current,order,brand,new,macbook,pro,bahhh,macbook,year,old,ll,miss,time,appl
bless,appl
siri,now,know,dad,mom,brother,girlfriend,thank,appl
well,least,appl,store,amaz,call,wait,music,need4
sweet,appl,replac,glass,probono,thank,appl
bad,appl,sell,million,iphon,debut,weekend,bloomberg,smartphon,sm,rt,vinodrad
love,new,technolog,appl,iphon,4s,mac,air,icloud,unreal,technolog
love,new,ios5,updat,:),appl
anoth,mention,appl,store,rt,floridamik,get,great,custom,servic,appl,store
time,go,get,iphon,4s,look,forward,stick,man,longer,pay,text,thank,appl
hey,appl,hate,comput,need,mack,wanna,send,free,one
thank,appl,new,gf,iphone4,great,everyth
icloud,set,flawless,work,like,champ,cloud,appl
wisconsin_mommi,appl,total,email,compani,alway,get,great,servic,appl,store
appl,love,new,ios5,upgrad,iphon
nice,appl,tech,support,guy,fix,itouch
get,great,custom,servic,appl,store,millenia,mall
just,ios5,faster,ipad,appl
love,appl,imac,even,though,haven,seen,hubbi,day,now,geek
make,switch,android,appl,iphon,iphone4,smartphon,stevejob,(@,appl,store
thank,incred,peopl,appl,go,beyond,offer,replac,water,damag,macbook,pro,wow
play,ma,man,love,camera,iphone4,well,done,appl,fb
yeah,appl,ios5,readinglist,chang,life,nowicanspendevenmoretimeonmyphon
appl,safari,reader,own,worldwid,web
love,appl,servic,case,crack,3x,go,hand,case,walk
10twitterpeopleiwouldliketomeet,coollik,thegadgetshow,thelittleappkid,jon4lak,benruberi,appl,twitter,fxhomehitfilm,(-
said,laid,next,year,appl,job,last,iphon,iphone4,iphon,4g,magic
kind,excit,way,last,class,right,now,go,appl,store,buy,macosc,snow,leopard,lion,:-)
use,blackberri,5yr,disrupt,lost,gig,thx,servic,im,move,appl,iphon
appl,sell,million,iphon,day,appl,keep,well
yessss,lovin,iphon,updat,especi,slide,bar,top,screen,=),good,job,appl
million,weekend,iphone4,per,second,mad,appl
.@,appl,got,now,invest,macbook,pro,next,year,time,get,sell,android,gear
iancollinsuk,appl,like,...!
just,sent,grandma,post,card,use,cardsapp,thank,appl
sorri,blackberri,move,appl
kostatsetseka,appl,put,wash,kind,equival,will,blend,glad,hear,still,aliv
launder,ari,iphon,finest,moment,dri,bag,organ,:-),rice,day,boot,!!!!!!!!!!!,appl
bravo,appl
god,bless,youtub,appl,appletv,bad,ass,system,love,princessofchina,gb,coldplay,rihanna,:)
twitter,day,smash,iphon,appl,nice,gave,new,one,:)
thank,appl,io,email,pop,lock,screen,open,unlock
one,word,wow,rt,jldavid,iphon,4s,first,weekend,sale,top,four,million,via,appl
good,iphon,will,well,today,thank,god,appl
rt,mn2nova,love,ios5,easter,egg,pull,middl,top,bottom,see,pull,awesom,littl,featur,ios5,appl
love,ios5,easter,egg,pull,middl,top,bottom,see,pull,awesom,littl,featur,ios5,appl
love,ios5,easter,egg,pull,middl,top,bottom,see,pull,awesom,littl,featur,appl,lovemyiphon
updat,io,start,use,cloud,servic,pretti,bad,ass,appl,iphon,3g,still,champ
gone,run,beauti,morn,man,love,io,appl,iphon
appl,simpli,best
must,admit,appl,made,happi,camper,text,tone,now,lol,ring,tone,makemeproud,drake,ver,text,tone,nicki
day305,thank,great,custom,servic,receiv,today,appl,via,phone,cs,new,phone,way,365daysofgr
appl,replac,phone,free
love,new,ipod,updat,appl
alexlindsay,wife,upgrad,iphon,think,siri,alon,worth,upgrad,look,forward,appl,continu,enhanc,siri
rt,tomkeen,thx,instagram,thx,appl,hypo,tri
stevejob,honor,tonit,appl,truli,great,loss,world,will,miss
thx,instagram,thx,appl,hypo,tri
love,new,iphone4,thank,appl,ios5
love,much,thank,appl
appl,iphon,4s,great,geniu
appl,card,app,notifi,card,sent,arriv,local,post,offic,deliv,today,sunday,truli,magic
love,new,i0s5,appl,updat,just,think,can,get,better,somehow,simplifi,life,right,appl
appl,siri,amaz
rygurl,need,appl,iphone4,siri
meet,siri,new,iphon,butler,click,link,amaz,can,appl
use,work,pc,never,ever,get,feel,worst,speaker,ever,appl,spoil,imamac
appl
appl,just,got,new,ios5,upgrad,imessag,good,luck,surviv,now,blackberri
love,ios5,awesom,appl
rt,mattyriesz,kathrynye,right,iphon,must,addict,welcom,appl,club
thank,appl,innov,exhibit,guy,play,facetim,instead,watch,game,sport,bar
blackberri,boo,hiss,!............@,appl,wuhu,!!!!!!!!,will,berri,power,technolog,actual,work
appl,far,best,ipod,first,time,iphon,ever,....,good,job,guy
thank,steve,appl,store,5th,av
appl,siri,witchcraft,next,googleresearch,yr,lead,lost
appl,io,sweet,notif,phone,search,cover,mail,now,wifi,sync,icloud,backup,integr,twitter,well,done
rt,katebett,anoth,great,jame,stewart,stori,today,ny,time,import,architectur,appl,retail,success
anoth,great,jame,stewart,stori,today,ny,time,import,architectur,appl,retail,success
appl
welcom,twitter,world,markstuv,due,ios5,appl,thank,guy
impress,servic,appl,geniu,bar,metro,centr,power,cabl,replac,free,book,screen,replac,free,:-
rt,deb_lavoy,nice,guy,appl,store,replac,phone,grati,show,hairlin,crack,screen,thank,appl
nice,guy,appl,store,replac,phone,grati,show,hairlin,crack,screen,thank,appl
iphon,4s,batteri,last,longer,day,hasn,happen,sinc,edg,iphon,nice,job,appl
taken,min,write,blackberri,thank,appl,4s,convert,show,grass,greener
rt,herahussain,rickysinghpt,got,new,backsid,eye,phone,impress,appl
rickysinghpt,got,new,backsid,eye,phone,impress,appl
iphon,4s,space,amaz,creativ,appl,product,inspir,peopl,unbeliev,thing
thank,appl,make,ipad,feel,like,new,new,io
_ibertaddigit,tv,ipad,briliant,stevejob,produck,present
use,awsom,ipad,love,love,macbook,ipod,amaz,love,appl
appl,io,upgrad,done,......,much,better,featur,.....,featur,requir
new,io,updat,best,ilovey,appl
final,got,iphon,4s,thank,appl,stupid,att,learn,lesson
absolut,love,iphon,4s,thank,steve,appl
appl,invent,product,actual,get,brother,call,parent,get,go,amaz,siri,ipod4
dammit,listen,siri,make,want,upgrad,well,play,appl
creat,new,folder,within,photo,album,ios5,final,thank,appl,thorn,side,newfeatur
video,card,kimari,workstat,die,just,six,month,long,hp,hello,appl
blackberri,facebook,realli,make,throw,blackberri,trash,get,appl,iphon,facebook,upload,issu
ios5,updat,submit,appl,thank,support
awesom,servic,appl,store,pc,thank,chri
rt,to1n,.@,appl,thank,fix
crazi,ios5,photo,crop,best,appl
.@,appl,thank,fix
hell,ye,got,contact,back,thank,appl
rt,sawyerhartman,fu,king,love,appl,phone,best,thing,ever,siri,best,thing,ever,made
appl,chang,life
mad,prop,appl,employe,didn,charg,replac,back,plate,iphon,made,day
jonsibley,actual,appl,mous,pretti,sweet,man
iphone4,amaz,siri,voic,recognit,absolut,step,previou,attempt,bravo,appl
final,got,appl,iphon,thank,sprint,get,time
ios5,nice,thank,appl
good,support,fm,kevin,appl,bellevu,store,biz,custom,ty
just,download,io,better,expect,thankyou,appl
wow,love,new,appl,updat,touch,cool,well,done
appl,siri,amaz,love
love,love,love,io,appl
rt,cjwallace03,appar,appl,put,mb,cap,sm,new,updat,25mb,storag,tell,inbox,full
rt,jewelz2611,mashabl,appl,iphon,expens,went,htc,galaxi,custom,loyalti,phone,comp
mashabl,appl,iphon,expens,went,htc,galaxi,custom,loyalti,phone,comp
will,kill,appl,rip,appl
appl,tune,go,iphon,iphon,lone,without,silli,ios5
appl,need,hurri,releas,itunesmatch
siri,alway,appl
just,need,exchang,cord,appl,store,wait,geniu,appl
appl,airdrop,fail,immedi,declin,request,everi,time
good,articl,appl,fuck,lion,futur,fb
rt,radlerc,yellowg,iphon,4s,user,complain,yellow,tint,screen,appl,iphone4
yellowg,iphon,4s,user,complain,yellow,tint,screen,appl,iphone4
one,iphon,featur,still,miss,sinc,appl,first,show,contact,pictur,contact,list,simpl,yet,major,updat,miss
ask,siri,dream,electr,sleep,disappoint,didn,snippi,answer,miss,opportun,appl
paulen,surpris,appl,throw,error,alert,author,author,comput,button
lisa_marie1987,shhhh,evil,sith,lord,appl,may,hear,ha
fuck,appl,die,fuck,blaze,inferno
oh,appl,steve,obvious,noth,iphoto,perfect,opposit,insan,great,'.,get,fix,pleas
omg,appl,fuck,delet,music,dick
ryanbaldwin,appl,itun,go,store,-&,gt,authoris,doesn,just,auto,authoris,sign,itun,grrrr
serious,absolut,of,clue,appl,mean,author
boy,appl,make,harder,put,purchas,music,cloud,new,macbook,pro,must,author,comput
shit,shit,shit,ios5,updat,ate,app,data,media,just,like,appl,said,go,take,time,rebuild
appl,tell,isn,least,64gb,iphon,4s,la,vega,give,fuck,break,!!!!
love,appl,download,hour,pad,now,wonki,ripstevejob,thenonsensepersist,neednewipadguid,fatfuckingch
dear,appl,new,air,now,notbook,sinc,updat,kill,wifi,bug,destroy,product
done,att,appl,profit,lack,custom,servic,fuck
great,appl,send,new,phone,frustrat
appl,thank,ruin,3g,ios5,just,turn,phone,utterli,useless,pile,shit
rogerweir,option,replac,iphon,4s,sure,want,one,duff,iphon,.@,o2,iphone4,appl
appar,appl,put,mb,cap,sm,new,updat,25mb,storag,tell,inbox,full
know,appl,almost,week,sinc,paid,itun,match,realli,like,use,eta,fix
remov,appl,shit
phoenixswing,iphon,give,hella,hard,time,ios5,updat,appl
suck,hello,appl,rt,phonedog_aaron,interest,note,droid,razr,batteri,isn,remov
appl,can,send,iphon,preorder,1hr,launch,can,send,jackass,want,shoot,blend,em
gotta,say,appl,itouch,iphon,shuffl,etc,sound,qualiti,aw,pain,crap,downgrad,soni,sound,qualiti,wise
bisquiat,appl,upgrad,just,slow,phone,much,stuck,half,time,uch,thank,damag,suck,:(
mayati,think,appl,didn,thorough,job,step,step,upgrad,move,icloud,now,cost,mightili
hey,appl,now,ios5,iphon,doesn,includ,song,compil,album,artist,name,whaddupwitdat
nickthefnicon,can,send,rcve,txt,apt,appl,4pm,exclaim,wait,whole,year,phone,lmao
total,chao,appl,store,regent,street,like,ethiopian,feed,station,can,believ,co,make,cool,shit
fishmama,made,purchas,just,wait,appl,survey,hate,go,bad,custserv
correct,best,buy,kudo,chri,alamo,ranch,tx,fix,issu,couldn,resolv,day,att,appl,hero,day
phxguy88,appl,bgr,ppl,stand,line,hr,get,newest,model,sucker
kill,appl,put,braill,type,bump,earbud,know,bud,dark
appl,wow,motorola,just,crush,dream,....
rt,phxguy88,oh,just,fuck,appl,alreadi,---&,gt,iphon,schedul,summer,launch,via,bgr
oh,just,fuck,appl,alreadi,---&,gt,iphon,schedul,summer,launch,via,bgr
appl,won,wait,thursday,avail,appoint,just,geniu,can,tell,shit,luck,now
wtf,?!?!,appl,new,io,doesn,allow,get,push,notif,newstand,siri,just,keep,yap,fuck
appl,ipad,ios5,messag,icon,includ,can,use
steelo254,yea,pre,order,appl,sorri,just,like
interest,appl,now,requir,reserv,appl,iphon,4s
appl,iphon,batteri,crappi,fail
appl,macbook,keyboard,will,type,:(
doesn,appl,icloud,sync,sticki,alway,around,just,noth,everi,progress,appl,gruber
appl,new,save,version,function,page,absolut,aw,interrupt,counter,intuit,piec,crap,world
hate,appl,comput,that,dollar,drain
appl,iphon,charg,slowli,!!!!!
appl,ios5,gm,ipad1,slow,wash,better,beta7,solv,problem,give,ipad2
appl,wish,pick,month,day,year,set,new,calendar,item,iphon,hasn,new,io,fix,yet
appl,itun,worst,program,ever,great,phone,make,aw,softwar
one,think,voic,recognit,appl,tech,support,line,work,littl,better
appl,repair,ipad,appl,lost,year,android,come
azee1v1,appl,umber,proper,consolid,proper,sync,stop,lose,purchas,item,checkbox,think,will
asimrang,appl,umber,desktop,app,wack,though
made,reserv,yet,still,wait,line,humpt,oh,appl,(@,appl,store,other
frustrat,bought,new,macbook,pro,appl,find,doesnt,ship,media,expensivepaperweight
dear,appl,turn,awesom,featur,just,enabl,data,plan,can,handl,mb,data,just
dontbemadatmebecaus,android,far,better,appl
appl,problem,io,prevent,audio,app,audio,function,oper,properli,keep,lose,sound
appl,appl,one,thing,hater,mous,butteri,finish,fast,happi,now,macworld,macworld
hey,appl,stop,send,automat,depreci,iphon,older,4s,signal,iphone4,die,rapidli,processor,wise
thing,bad,new,canon,camera,two,compact,flash,card,one,sd,sd,goe,appl,comput,damn
wtf,appl,page,new,term,condit,updat,ur,app,itun,store,realli,think,ll,read,em,realli
fuck,appl
oh,prolli,ganna,late,work,bc,appl,screw,phone,alarm
fuck,dose,phone,decid,just,ganna,freez,everi,time,tri,updat,fuck,sick,appl
need,just,text,wait,wont,get,cuz,appl,fuck,everi,time,fuckingpiss
imessag,doesn,show,time,messag,sent,annoy,appl
like,appl,da,fuck,shit
rt,circustk,wit,chu,shaydiddi,offici,boycot,up,call,appl,curs,next,use,wast
damn,appl,whatchu,done,phone
samsung,seek,iphon,4s,ban,japan,australiapat,war,intensifi,injunct,sought,appl
appl,everi,time,io,softwar,updat,ipad,goe,dead,need,total,restor,fail
appl,io,noth,pain,ass,room,music,photo,app,can,undo,garbag
appl,reserv,system,work,show,product,avail,let,alon,iphon,4s,site,open,browser,pm,noth
rt,reddeersteph,joelplan,appl,hear,troubl,now,even,turn,bright,andshuttingdownru
joelplan,appl,hear,troubl,now,even,turn,bright,andshuttingdownrunningprogram,nohelp
albertmal88,rememb,appl,evil,icloud,enter,dropbox,market
know,other,issu,rt,joelplan,now,second,full,charg,day,piss,appl
now,second,full,charg,day,piss,appl
rt,shaydiddi,circustk,up,appl,bs,tell,go,certain,time,muh,fuh,close
wit,chu,shaydiddi,offici,boycot,up,call,appl,curs,next,use,wast,time
ugh,appl,your,reserv,page,iphon,work
itun,appl,worst,product,wors,newton,hockey,puck,mous,utterli,pain,use
der,icloud,hate,hope,die,worst,fuck,invent,world,fuck,youuuuuuuuuuuu,icloud,appl,stevejob
updat,io,lose,everyth,phone,wont,let,sign,itun,account,thank,appl
suddenli,lost,address,book,3g,iphon,someon,use,appl,id,fuck
oh,iphon,overcapac,huh,appl,won,let,great
issu,updat,itun,window,pc,realli,compat,....,sent,time,talk,appl,care,use
appl,guy,gay
restor,iphon,still,text,dear,appl,love,restrict,sm,text,....,ios5,ios5atemydingo
none,app,work,new,io,appl,?!?
seemingli,endless,loop,call,appl,up,verizonwireless,investig,miss,iphone4,crankywithnophon
wisconsin_mommi,appl,terribl,hope,get,apolog
zombiebomb,phone,verizonwireless,appl,pretti,much,ever,sinc,realli,annoy
chascouponmom,appl,get,busi,new,phone,just,want,buy,stylu,made,wait,forev,outsid,never
appl,iphon,pleas,deliv,daughter,i4,drive,nut,iphon
sprint,bestbuy,still,word,iphone4,preorder,best,buy,blame,sprint,sprint,blame,appl,just,want,honest,answer,help
hey,appl,sm,full,messag,complet,shit,ye,annoy
never,poor,custom,servic,appl,happen,(@,appl,store,other
appl,servic,experi,realli,fuck,slip,except,cute,eyelash,bat,girli,).,(@,appl,store
ma,ipa,hour,jailbrok,now,shag,itun,won,letm,restor,appl,sym,!!!!
hailfire101,irvysan,appl,happen,snatch,siri,douchebag,say,our,!'
appl,think,make,siri,total,depend,network,connect,siri,att,utter,frustrat
wow,geniu,bar,reserv,line,appl,ridic,right,now,___,amus,ugh
iphon,!?!?!?!@,appl
appl,batteri,life,suck,io
appl,updat,seem,render,work,machin,incap,open,hdv,video,thank,appl,zero,use,product,today
appl,commit,cloud,storag,idisk,now,rain,:-(,soon,idisk,plan,new,servic,storag
hey,appl,can,share,remind,list,iphon,also,can,login,icloud,webpag,modifi,share,phone
appar,fuzzbal,crash,ios5,congratul,appl,anoth,incompat,upgrad
appl,lion,pleas,integr,vertic,space,mission,control,horizont,busi,make,nauseou
can,someon,plz,explain,whhyy,appl,distribut,phone,per,day,sprint,store,realli
gah,appl,io,open,text,messag,pain,slow,top,restor,attempt,succeed,earli,adopt,get,better
dear,appl,pdf,epub,file,disappear,ibook,iphon,post,ios5,upgrad,hurt,3g,needsomethingtoread
cbm,lie,appl,batteri,new,iphone4,definit,better,check,set,time,app,usag,io
huge,podcast,fan,realli,feel,like,appl,drop,ball,one,via,carrypad
don,realli,like,siri,voic,perhap,appl,can,get,star,war,voic,just,like,garmin
carlton858,realli,hate,deal,brain,dead,peopl,appl,store,good,product,custom,servic,suck,nz
realli,hate,deal,brain,dead,peopl,appl,store,good,product,custom,servic,suck
can,make,photo,album,photo,app,io,can,password,protect,appl,fix,quickli
anyon,els,see,miss,signal,bar,iphon,3g,upgrad,ios5,applecanada,appl,forstal
rt,cbm,lie,appl,batteri,new,iphone4,definit,better
appl,want,know,custom,think,dont,send,updat,norepli,return,address,invent,anyway,useless
everi,time,tri,voic,control,ipod,touch,send,imessag,start,play,knew,pink,still,flawless,appl
studi,work,hold,appl,hurri,fuck,nopati
ok,hindi,keyboard,ios5,someth,cheer,appl,support,miss,indian,languag,!?,fail
rt,scottduga,warn,iphon,app,spontan,loos,data,might,app,fault,ios5downgrad
betweensunday,ah,yeah,option,hope,appl,figur,thx
wait,item,copi,itun,everyth,copi,goe,come,appl,hell
appl,unhappi,servic,product,qualiti,won,buy,appl
lie,appl,batteri,new,iphone4,definit,better
philipgrey,dear,appl,gotta,go,chang,way,input,type,number,gt,handl,blue
hold,appl,custom,servic,minut,wow,like,re,timewarnerc
anyon,els,stuck,dupe,calendar,mail,batteri,suck,appl,hell,icloud,osx,lion,disappoint
inventor,comput,mous,appl,never,made,one,complet,piec,fuck,shit,?!!?
appl,re,kill,excit,ios5,longer,tragic,batteri,drain,geniu,bar,want,replac,batteri,realli
1st,impress,ios5,disappoint,upgrad,restor,lot,app,folder,miss,appl,much,time,went,in2,org,fail
prjusto,don,question,appl,will,rememb,dissent
appl,multipl,time,siri,troubl,connect,network,siri,need,server,exercis,!)
imessag,still,isn,work,appl
rt,jimmcniel,appl,resolv,siri,network,issu,will,need,renam,great,product,sorri,els,havin
dear,appl,gotta,go,chang,way,input,type,number,gt,handl,blue
ugh,wtf,bottleneck,paypal,appl
rt,doug_newton,appl,pleas,fix,siri,!!!!,can,connect,network,!!!!!!!
appl,pleas,fix,siri,!!!!,can,connect,network,!!!!!!!
appl,resolv,siri,network,issu,will,need,renam,great,product,sorri,els,issu
chanc,appl,will,releas,good,headphon,dont,blast,music,outsid,ear,iphon,ipod,quit,obnoxi
appl,siri,work,due,network,problem,serious,can,fix,iphone4,fail
trisha_p,icloud,cloudi,appl,tech,techi
electricsoup,connect,appl,process,command,fail,right,now
see,appl,happen,releas,iphon,4s,crappi,design,old,phone
rt,bonkoif,look,like,appl,appropri,project,resourc,need,siri,reliabl
look,like,appl,appropri,project,resourc,need,siri,reliabl
spoke,appl,rep,phone,hear,tv,blare,bg,said,can,actual,help,just,direct,back,web
wrong,siri,today,appl
appl,siri
suspect,appl,time,health,declin,iphon,perfectli,iphon,4s,releas,batteri,serious,ail
hold,anoth,half,hour,phone,ring,one,pick,.@,appl,stink
ok,appl,softwar,updat,iphon,take,waaaaay,long,!#,annoy
appl,better,inform,custom,properli,migrat,icloud,mani,complaint,lead,imag,damag
appl,io,rape,batteri,life,just,use,phone,lot,sinc,get
jane73,gazmaz,hope,small,bug,appl,must,fix,right,appl,}:,itjustwork
samsung,appl,realis,re,just,realli,piss,custom,base,well,look,petti
appl,app,updat,origin,folder,locat,pain
appl,domain,fail,open,hr,late,walk,ppl,store,empti,need,skin,screen,repres,custom,servic,fail
brianmincey,appl,chipset,tear,batteri,life,cowork,htc,thunderbolt,get,hour,life
wish,appl,updat,stop,tri,ram,itun,throat,don,piss,iphon,appl
iphon,run,slower,sinc,io,updat,appl,verizon
just,search,voic,year,old,nexu,one,appl
appl,updat,server,time,week,forc,restor,new,ios5,softwar,lost,stuff,thank
appleupdates2,success,stori,iphon,ipad,now,phone,appl,min,ipad,will,wast,time,appl,replaceit
thank,minut,wait,hold,half,hour,actual,talk,someon,appl,tech,decid,send,email,fix,phone
upset,inconvenienc,iphon,updat,fail,backup,iphon,appl
serious,appl,financ,damn,phone,greedi,bastard,santa,get,jolli,ass,gear,get,us,4s,white,plz
schedul,busi,spend,unqual,time,att,appl,recov,iphon,mo,mobil,get,mo,immobil,sync
ponder,io,updat,sound,mikeferri,difficulti,may,just,hold,:/,appl,fix
twalv,appl,know,issu,dst,alarm
book,appl,geniu,bar,hour,still,can,serv,disappoint,appl,store,sydney,thanksfornoth
appar,appl,geniu,train,doesn,extend,clock,servic,re,half,hour,late,appoint,couldn,let,know
screw,appl,io,can,download,crap,tire,tri,get,problem,figur,connect,time
wow,icloud,mail,1st,io,upgrad,issu,now,realli,hope,isn,appl,without,steve,job
appl,don,guy,test,upgrad,put,hr,guy,wast,time,yesterday,thank
go,appl,product,first,ipad,freez,still,frozen,iphon,won,turn,techietroubl
ipad,perpetu,restor,loop,tri,upgrad,ios5,:(@,appl,sux,without,steve
2nd,appl,geniu,apptment,run,late,2nd,day,row,2nd,dodgi,ipod,make,mega,$$$,hire,staff
took,appl,year,just,figur,properli,syncron,iphon,wow,ios5
appl,went,5th,ave,store,told,wait,hour,get,4s,needless,say,back,hotel,relax
overal,fan,iphon,4s,howev,siri,issu,connect,network,appl
terribl,custom,servic,lo,gato,appl,pay,bad,home,button,iphon,?!?
appl,thank,suck,much,believ,sell,someth,onlin,isn,made
major,batteri,drain,issu,sinc,updat,iphon,io,anyon,els,appstor,iphon,appl
dear,appl,pleas,send,mac,book,back,sure,repair,done,now,thank
appl,thank,ios5,love,music,break,like,talk,mobil,cell,phone,bring,back,function,iosdonwgrad
appl,ios5,iphone2,caus,camera,apperatur,dilat,problem,freez
appl,ios5,geoloc,suburb,word,drop,map,pin,state,pleas,fix
sorri,appl,imessag,will,never,bbm,disappoint
iphon,4s,siri,doesn,work,shit,appl
clarenc,thoma,must,design,new,osx,lion,toss,decad,workflow,standard,appl,bring,back,save,autosavesuck
offici,hate,appl,fix,damn,itun
dear,appl,staff,littl,rock,store,answer,first,question,don,know,weren,hard,question
semilshah,yeah,except,ask,receipt,take,minut,figur,print,fix,appl
rt,jdougyj,hey,appl,wanna,fix,fuck,playlist,order,piec,shit
bummer,yahoo,ipad,fantasi,footbal,app,keep,crash,sure,app,new,appl,io,two,app,run
appl,can,suck,dick,gotta,restor,ipad,annoy
line,appl,just,stupid
nansen,man,sux,appl,io5,upgrad,total,fail
dear,appl,contact,terribl,just,clean,duplic,hour,magic,reappear,fix
much,ask,app,incompat,appl
piss,whoever,design,keyboard,appl,home,end,key,work,cli,use,key,often
novatyl,appl,mine,gone,recov,save,b4,upgrad,iphon,soooo,piss
hey,appl,wanna,fix,fuck,playlist,order,piec,shit
siri,hard,time,rememb,sister,contact,card,need,space,famili,info,iphone4,appl
ios5,get,sloppi,appl,need,check,qa,team,mani,issu,app,data,sync
rt,nansen,sm,full,messag,known,appl,issu,new,ios5,updat,tri,restor,els,fail,restor
glad,paid,appl,care,protect,plan,hold,minut,now,great,custom,servic
happi,appl,right,now,upgrad,itouch4,took,itouch,laptop,help
can,say,appl,right,now,goodridd,see,cancer,isn,bad
twitter,can,look,problem,ipad,won,open,messag,just,crash,app,appl,mayb,fault
appl,point,icloud,wireless,updat,ios5,now,forc,use,comput,charg,ipod,touch,now,worstupdateev
robert_terpstra,worri,bud,ps,re,say,4s,lot,network,issu,right,now,appl,mac,problem
hate,appl,send,toledooh,bestbuy,iphon,verizon,even,pre,order
pmphillip,appl,non,appl,equip,broke,often,guess,need,asu,geniu,bar,doesn,don,:-)
new,appl,iphon,os,duplic,ical,event,everyth,fix,tri,turn,icloud
dear,appl,conveni,handi,thought,smart,iphon,ios5,updat,re,app,won,work,anymor,none,!!!),:(,gr,%\,mbl,^.%)
hey,appl,know,steve,job,die,twitter,ipad,app,keep,crash,fix,now,pleas,lol,light
appl,happi,appl,today,suggest,softwar,updat,now,noth,work
smash,yet,anoth,iphon,screen,appl,gonna,make,phone,durabl,tire,fix
ios5,one,problem,save,someon,contact,don,show,nam,becuz,region,appl,appl
sure,hell,better,abl,restor,calendar,event,terribl,bug,appl,appl,icloud,anothericloudfail
realli,hate,appl,won,let,hide,newsstand,app,move,folder,serv,purpos
life,much,easier,appl,blackberri,just,fruit
appl,locat,remind,ipad2,point,updat,io
compar,offic,live,googl,app,appl,icloud,see,icloud,lead,crowd,agre
rt,mikeferri,appl,doesn,fix,ios5,week,buy,droid,emptythreat
turn,comput,isn,fix,meant,fuck,appl,go,back,geniu,bar,complain,annoy
appl,doesn,fix,ios5,week,buy,droid,emptythreat
appl,pl,launch,siri,iphone4,disappoint,spend,hour,upgrad,ios5
appl,can,suck,fuck,iphon,better,glad,like,caus,servic,fuck,terribl
first,time,unhappi,appl,product,disappoint,internet,seem,confus,right,now
week,appl,ios5,consid,go,back,jailbroken,featur,plu,stabl,though
issu,siri,reach,network,today,mani,use,signal,appl
new,ios5,complet,fail,upgrad,phone,now,stuck,restor,loop,thank,appl,wast,day,can,undo
iphone4,run,littl,warm,sometim,appl
appl,wtf,can,add,newsstand,folder,alreadi,wall,garden,pleas,don,remind,us
appl,just,now,see,none,microsoft,offic,program,work,anymor,lion,upgrad
dear,appl,don,want,newsstand,icon,screen,notcool
blackberri,take,better,qualiti,photo,appl,iphon,though,give,photograhersey
ok,itunesmus,idk,wth,sync,phone,album,art,order,wtf,appl
wish,siri,tweet,appl,fix
appl,still,wait,deliv,phone,sprint
will,never,purchas,anoth,appl,product,rest,life,glad,steve,job,fuck,dead,may,fuck,rot,hell,!!!!!
thank,appl,new,imac,brick,re,instal,lion,purchas,instal,former,owner
ask,siri,babi,lisa,told,sorri,troubl,connect,network,right,now,appl,server,fail,ios5
thing,io,done,delet,tiger,wood,game,made,imposs,retriev,thank,appl
damn,appl,break,wififofum,continu,work,io,one,use,app,damn,appl,overbear,polici
yo,appl,updat,disast
dear,applecongratul,su,insur,compani,just,manag,make,top,shit,list,ineedthosepictur
dear,appl,must,let,turn,icloud,save,bandwidth,delet,everi,document,ipad,bullshit
rt,joelburn,dear,appl,thank,beauti,new,io,featur,miss,old,one,lk,make,call,text,gt,;(
far,worst,experi,upgrad,version,io,appl,ios5
happen,rt,xcuntnuggetx,never,purchas,anoth,item,appl
never,purchas,anoth,item,appl
rt,leiboaz,wow,worst,appl,custom,servic,experi,ever,arrog,inept,bad,combo,biltmor,appl,store
wow,worst,appl,custom,servic,experi,ever,arrog,inept,bad,combo,biltmor,appl,store
hey,guy,appl,wtf,happen,iphone4,ios5,suddenli,fade,black,begin,vibrat,continu,reboot
hbogo,appl,don,play,nice,let,use,hdmi,ipad,pretti,lame
warn,iphon,app,spontan,loos,data,might,app,fault,ios5downgrad,appl,marcoar
first,imag,photo,roll,made,serious,appl,fuck,much
appl,iphone4,plu,ios5,equal,half,batteri,life
appl,isn,itun,updat,just,wanna,updat,iphon,ios5,itun,say,need,updat,fail
now,appl,won,let,use,credit,itun,unless,credit,card,told,redeem,card,sound,fair
amandbrar,appl,siri,work,less,time,servic,doesn,improv,monday,return,iphon,4s
azrael,rt,davidegori,mobilem,issu,sync,access,mail,good,premis,icloud,appl
need,appl,help,instal,new,io,iphone4,stuck,find,iphon,screen,:(,keep,click,next,doesn,work
bummer,appl,icloud,sync,window,outlook,thunderbird,ie,firefox,chrome,).,sadmac
disappoint,visual,merchandis,appl,simpl,lack,eleg,sequenc,doesn,even,tell,us,siri
termin,hold,appl,support,must,person,troubl,new,iphon,synch
appl,thank,appl,io,lose,contact
appl,give,app,back
appl,ios5,nonstop,drop,call,mute,button,randomli,activ,person,cant,hear,pull,phone,ear,mobil,screen
rt,tomcolontonio,didn,occur,appl,appl,ppl,share,itun,account,amongst,famili,?????,wtf,!!!!
tomcolontonio,appl,epicfail
minut,iphon,post,ios5,upgrad,lost,charg,appl,store,folk,idea
cut,cord,make,podcast,even,harder,manag,?!?,subscript,wth,appl,ios5,via,carrypad
less,hour,post,ios5,iphon,gone,batteri,charg,appl,store,folk,solut,:(
well,appl,seem,2b,screw,iphon,4s,resellar,still,dont,4s,yet,promis,similar,ma,bell,monopolist,prctice
also,ericgreenspan,don,forget,appl,stop,close,app,store,bloodi,purchas
appl,cu
sigh,appl,store,seem,stump,catastroph,bad,batteri,life,upgrad,ios5
hmmmm,lot,siri,featur,don,work,canada,locat,direct,serious,appl,come
appl,siri,can,connect,network,less,use,voicecontrol,now,:(
appl,took,siri,made,exclus,iphon,4s,sorud
total,time,phone,appl,hour,minut,let,see,goe
wait,line,noth,fuck,geniu,appl,call,app,john,jean,stop,fuck,name,im,french,boy,pcam
dear,appl,one,day,re,go,releas,version,itun,doesn,freez,often,work,one,day
24hr,sinc,report,up,theft,iphon,appl,done,noth,return,call,promis,noth
bode,well,charg,night,appl,iphon,4s,batteri,3hr,charger,call,light,use
houston,problem,ipad,restor,hour,instal,appl,ios5,can,right,....
siri,went,littl,last,night,come,appl,get,shit,togeth,launch
ford,team,appl,instead,microsoft,make,sync,system,new,focu,car,sweet,sync,epicfail
rt,gdcurri,realli,appl,done,itun,now,can,click,music,movi,tv,show,playlist,get
damn,appl
